<NotepadPlus>
    <UserLang name="L2DivineScript" ext="l2d l2ds txt">
        <Settings>
            <Global caseIgnored="no" />
            <TreatAsSymbol comment="no" commentLine="yes" />
            <Prefix words1="no" words2="no" words3="no" words4="no" />
        </Settings>
        <KeywordLists>
            <Keywords name="Delimiters">&quot;00&quot;00</Keywords>
            <Keywords name="Folder+">{</Keywords>
            <Keywords name="Folder-">}</Keywords>
            <Keywords name="Operators">! , ( ) : &lt; = &gt;</Keywords>
            <Keywords name="Comment">1 1 2 2 0//</Keywords>
            <Keywords name="Words1">Else Exit If Return While Jump</Keywords>
            <Keywords name="Words2">AddHuntingArea AddItem AddRectHuntingArea BattleStop BattleStart BuffLevel Buy ClearHuntingArea CloseDialog CloseWindow Confirm CountItem CraftItem CrystalizeItem Delay DestroyItem DialogContain Dismiss DropItem EnchantItem EnchantLevel FishingStart FishingStop ForceAttack Include Invite IsMember LeaveParty LocInRange Logout MoveTo Msg NpcDialog Repurchase ReturnToClanHall ReturnToVillage SelectDialog SelectTarget Sell SetBattleArea SetRestArea Sit Stand TargetInRange TradeStart TradeStop UseItem UseSkill</Keywords>
            <Keywords name="Words3">Char.CP Char.CP% Char.HP Char.HP% Char.InParty Char.Load% Char.LV Char.MP Char.MP% Char.Soul Char.Vitality Target.HP Target.HP% Target.MP Target.MP%</Keywords>
            <Keywords name="Words4">Console General Shout Trade Party Clan Ally Friend Whisper</Keywords>
        </KeywordLists>
        <Styles>
            <WordsStyle name="DEFAULT" styleID="11" fgColor="000000" bgColor="FFFFFF" fontName="" fontStyle="0" />
            <WordsStyle name="FOLDEROPEN" styleID="12" fgColor="000080" bgColor="FFFFFF" fontName="" fontStyle="0" />
            <WordsStyle name="FOLDERCLOSE" styleID="13" fgColor="000080" bgColor="FFFFFF" fontName="" fontStyle="0" />
            <WordsStyle name="KEYWORD1" styleID="5" fgColor="000080" bgColor="FFFFFF" fontName="" fontStyle="1" />
            <WordsStyle name="KEYWORD2" styleID="6" fgColor="0000FF" bgColor="FFFFFF" fontName="" fontStyle="1" />
            <WordsStyle name="KEYWORD3" styleID="7" fgColor="008080" bgColor="FFFFFF" fontName="" fontStyle="0" />
            <WordsStyle name="KEYWORD4" styleID="8" fgColor="804040" bgColor="FFFFFF" fontName="" fontStyle="1" />
            <WordsStyle name="COMMENT" styleID="1" fgColor="000000" bgColor="FFFFFF" fontName="" fontStyle="0" />
            <WordsStyle name="COMMENT LINE" styleID="2" fgColor="008000" bgColor="FFFFFF" fontName="" fontStyle="0" />
            <WordsStyle name="NUMBER" styleID="4" fgColor="800040" bgColor="FFFFFF" fontName="" fontStyle="0" />
            <WordsStyle name="OPERATOR" styleID="10" fgColor="000080" bgColor="FFFFFF" fontName="" fontStyle="0" />
            <WordsStyle name="DELIMINER1" styleID="14" fgColor="0080C0" bgColor="FFFFFF" fontName="" fontStyle="0" />
            <WordsStyle name="DELIMINER2" styleID="15" fgColor="000000" bgColor="FFFFFF" fontName="" fontStyle="0" />
            <WordsStyle name="DELIMINER3" styleID="16" fgColor="000000" bgColor="FFFFFF" fontName="" fontStyle="0" />
        </Styles>
    </UserLang>
</NotepadPlus>
